<?xml version="1.0"?>
<?xml-stylesheet type = "text/xsl" href ="comments.xsl"?>
<xml>
    <comment time="1336315201">
        <email>shixianwen1993@gmail.com </email>
        <name>shixianwen</name>
        <message>china airline is good</message>
    </comment>
    <comment time="1336315956">
        <email/>
        <name>wei liu</name>
        <message>come back to home is exciting</message>
    </comment>
    <comment time="1336317283">
        <email/>
        <name>anonymous</name>
        <message>china airline is bullshit</message>
    </comment>
    <comment time="1336333336">
        <email>huanghuan@gmail.com </email>
        <name>huanghuan</name>
        <message>+ Pagination!</message>
    </comment>
    <comment time="1425558632">
        <email>wen</email>
        <name>shixian</name>
        <message>231230</message>
    </comment>
<comment time="1426085996"><email>rwer</email><name>123</name><message>fdsfqe</message></comment></xml>
